NBHD_1,NBHD_1_CN
4,GATEWAY - GREEN VALLEY RANCH
2,DIA
5,GATEWAY - GREEN VALLEY RANCH
6,GATEWAY - GREEN VALLEY RANCH
1,MONTBELLO
127,MONTBELLO
3,GATEWAY - GREEN VALLEY RANCH
134,NORTHFIELD
129,MONTBELLO
128,MONTBELLO
125,MONTBELLO
101,STAPLETON
102,STAPLETON
106,NORTHEAST PARK HILL
103,NORTHEAST PARK HILL
126,SMITH RD (S-I70)
104,NORTHEAST PARK HILL
105,NORTHEAST PARK HILL
110,NORTH PARK HILL
111,NORTH PARK HILL
107,NORTHEAST PARK HILL
133,OVERLOOK
108,NORTH PARK HILL
109,NORTH PARK HILL
113,NORTH PARK HILL
114,NORTH PARK HILL
131,SOUTH PARK HILL
115,NORTH PARK HILL
130,NORTH PARK HILL
116,SOUTH PARK HILL
132,SOUTH PARK HILL
118,SOUTH PARK HILL
117,SOUTH PARK HILL
112,NORTH PARK HILL
120,SOUTH PARK HILL
122,EAST COLFAX
124,EAST COLFAX
121,EAST COLFAX
123,EAST COLFAX
201,ELYRIA SWANSEA
203,GLOBEVILLE
202,ELYRIA SWANSEA
204,GLOBEVILLE
205,ZUNI PARK
206,REGIS
207,REGIS
211,BERKELEY
210,BERKELEY
212,BERKELEY
214,BERKELEY
213,BERKELEY
215,BERKELEY
216,SUNNYSIDE
208,BERKELEY
217,SUNNYSIDE
220,CHAFFEE PARK
219,CHAFFEE PARK
218,CHAFFEE PARK
222,GLOBEVILLE
221,GLOBEVILLE
264,RIVER NORTH
223,ELYRIA SWANSEA
224,ELYRIA SWANSEA
253,CBD
230,COLE
229,COLE
225,ELYRIA SWANSEA
227,CLAYTON
226,CLAYTON
228,SKYLAND
265,CURTIS PARK
266,CURTIS PARK
231,WHITTIER
267,FIVE POINTS
233,FIVE POINTS
232,FIVE POINTS
263,BALLPARK
262,COMMONS
268,ARAPAHOE SQUARE
261,UNION STATION
235,HIGHLAND
234,HIGHLAND
237,HIGHLAND
238,WEST HIGHLAND
258,HIGHLAND
242,HIGHLAND
250,JEFFERSON PARK
240,HIGHLAND
239,HIGHLAND
259,SLOAN LAKE
257,SLOAN LAKE
241,SLOAN LAKE
244,SLOANS LAKE
243,SLOANS LAKE
249,WEST COLFAX
248,SLOAN LAKE
245,SLOAN LAKE
260,EAST BAY
247,SLOAN LAKE
505,SUN VALLEY
252,AURARIA
254,NORTH CAPITAL HILL
255,CITY PARK WEST
256,CITY PARK
301,INSPIRATION PT
302,INSPIRATION PT
405,VILLA PARK
404,HARVEY PARK
402,BEAR VALLEY
403,SEVEN SPRINGS
401,BEAR VALLEY
588,N CONGRESS PK
589,CONGRESS PARK
512,PARKWAY
599,CHERRY CREEK
586,CHEESMAN PARK
587,CHEESMAN PARK
584,NORTH CAPITOL HILL
585,CAPITOL HILL
511,N COUNTRY CLUB
510,SPEER
503,CIVIC CENTER
504,LINCOLN PARK
506,AVONDALE
509,VILLA PARK
507,WEST COLFAX
508,VILLA PARK
519,BARNUM
520,BARNUM WEST
518,VALVERDE
592,WEST BAKER
517,SPEER
553,BAKER
551,COUNTRY CLUB
526,WASHINGTON PARK
598,S COUNTRY CLUB
513,CHERRY CREEK
550,CHERRY CREEK
552,N POLO CLUB
555,POLO FIELD
514,S CHERRY CREEK
515,STOKES
527,POLO CLUB
529,BONNIE BRAE
530,CORY - MERRILL
528,BELCARO
593,WASHINGTON PARK WEST
525,WASHINGTON PARK WEST
524,ATHMAR PARK
523,ATHMAR PARK
522,WESTWOOD
521,WESTWOOD
581,MAR LEE
582,MAR LEE
536,MAR LEE
535,GODSMAN
580,RUBY HILL
534,RUBY HILL
532,PLATT PARK
543,OVERLAND
533,OVERLAND
594,WASHINGTON PARK
531,UNIVERSITY
590,BISCAYNE
597,NORTH UNIVERSITY
546,UNIVERSITY PARK
545,UNIVERSITY PARK
544,UNIVERSITY
596,ROSEDALE
542,SOUTH PLATTE
541,COLLEGE VIEW - SOUTH PLATTE
540,E HARVEY PARK
583,COLLEGE VIEW
538,HARVEY PARK
537,HARVEY PARK
539,HARVEY PARK
549,HARVEY PARK SOUTH
591,DARTMOUTH HTS
548,UNIVERSITY S
547,WLSHR/S HILLS
601,EAST COLFAX
602,EAST COLFAX
614,LOWRY FIELD
604,MONTCLAIR
679,MONACO PKWY
605,MONTCLAIR
606,HALE
607,HALE
678,HILLTOP 6TH AV
680,HILLTOP
611,CRESTMOOR
681,HILLTOP
612,CRESTMOOR
616,CRESTMOOR
613,CRESTMOOR E
615,CRESTMOOR
627,PARK FOREST
626,WINDSOR
682,RANGE VIEW
624,BREAKERS
623,WASHINGTON
622,WASHINGTON VIRGINIA VALE
697,POPLAR COVE
696,THOMAS PLACE
629,VIRGINIA VALE
621,HILLTOP
620,HILLTOP
630,VIRGINIA VALE
631,VIRGINIA VALE
628,VIRGINIA VALE
695,HILLTOP DOWNS
618,HILLTOP
634,VIRGINIA VILLAGE
636,VIRGINIA VILLAGE
635,VIRGINIA VILLAGE
647,VIRGINIA VILLAGE
693,CENTRAL PARK
648,VIRGINIA VILLAGE
649,VIRGINIA VILLAGE
650,VIRGINIA VILLAGE
645,VIRGINIA VILLAGE
644,VIRGINIA VILLAGE
646,VIRGINIA VILLAGE
639,LYNWOOD
638,VIRGINIA VALE
637,VIRGINIA VILLAGE
642,VIRGINIA VILLAGE
643,VIRGINIA VILLAGE
641,VIRGINIA VILLAGE
640,INDIAN CREEK
698,SUMMERFIELD
664,WOODSTREAM
655,GOLDSMITH
654,VIRGINIA VILLAGE
656,GOLDSMITH
653,VIRGINIA VILLAGE
663,GOLDSMITH
683,HUTCHINSON HLS
657,GOLDSMITH  W
652,VIRGINIA VILLAGE
651,VIRGINIA VILLAGE
658,UNIVERSITY HILLS
661,UNIVERSITY HILLS
660,UNIVERSITY HILLS
659,UNIVERSITY HILLS
673,HOLLY HILLS
674,UNIVERSITY HILLS
675,UNIVERSITY HILLS
676,UNIVERSITY HILLS
669,HAMPDEN
671,HAMPDEN SOUTH
672,HOLLY RIDGE
668,HAMPDEN
670,WELLSHIRE
666,HAMPDEN
667,HAMPDEN
690,GUN CLUB
691,TAMARAC HILLS
694,CORNERSTONE
692,CRESTRIDGE
665,HAMPDEN HTS E
677,KENNEDY
702,CREEKVW/SUNSET
705,HUTCHINSON HLS
718,WILLOW POINT E
716,PINE RIDGE
706,HUTCHINSON HLS
717,PARK VISTA
703,HUTCH/WILLOW P
704,HUTCHINSON HLS
719,WILLOW POINT E
707,SOUTHMOOR PARK
709,SOUTHMOOR #1
708,SOUTHMOOR PARK
710,BELMONT HTS
711,CHERRY POINT
720,GOLDSMITH
712,VILLAS CHRY HL
715,DENVER TECH
713,CHERMONT
714,PINE VALLEY
802,WESTBRIDGE
801,PINEHURST ESTA
805,FORT LOGAN
803,PINEHURST ES S
804,FORT LOGAN
901,PINECREST
904,ACADEMY
902,PINEHURST
903,GLENBROOK
906,PARKWEST
905,MARSTON
